,Measure,Run_0,Run_1,Run_2,Run_3,Run_4,Run_5,Run_6,Run_7,Run_8,Run_9,Mean_Estimate,Std_Dev
0,NumOfWords,92.0,92.0,92.0,92.0,92.0,92.0,92.0,92.0,92.0,92.0,92.0,0.0
1,Precision,1.0,1.0,0.875,1.0,1.0,1.0,0.9375,0.933333333333,0.875,0.933333333333,0.955416666667,0.0518206337902
2,Recall,0.141304347826,0.141304347826,0.152173913043,0.163043478261,0.152173913043,0.141304347826,0.163043478261,0.152173913043,0.152173913043,0.152173913043,0.151086956522,0.00802026942796
