,Measure,Run_0,Run_1,Run_2,Run_3,Run_4,Run_5,Run_6,Run_7,Run_8,Run_9,Mean_Estimate,Std_Dev
0,NumOfWords,93.0,93.0,93.0,93.0,93.0,93.0,93.0,93.0,93.0,93.0,93.0,0.0
1,Precision,1.0,0.933333333333,0.866666666667,0.928571428571,1.0,0.923076923077,1.0,1.0,0.941176470588,1.0,0.959282482224,0.0472845615816
2,Recall,0.161290322581,0.150537634409,0.139784946237,0.139784946237,0.139784946237,0.129032258065,0.150537634409,0.150537634409,0.172043010753,0.172043010753,0.150537634409,0.0143369175627
