,Measure,Run_0,Run_1,Run_2,Run_3,Run_4,Run_5,Run_6,Run_7,Run_8,Run_9,Mean_Estimate,Std_Dev
0,NumOfWords,96.0,96.0,96.0,96.0,96.0,96.0,96.0,96.0,96.0,96.0,96.0,0.0
1,Precision,1.0,1.0,0.888888888889,1.0,0.941176470588,1.0,1.0,1.0,1.0,1.0,0.983006535948,0.0378859522776
2,Recall,0.15625,0.15625,0.166666666667,0.166666666667,0.166666666667,0.166666666667,0.15625,0.15625,0.177083333333,0.166666666667,0.163541666667,0.00703071414282
